0.00048391064046882,0.040094763040543,0.046939179301262,0.11597965657711,0.051592126488686,0.1696724742651,-0.022924300283194,-0.062514871358871,0.059521738439798,0.0029473637696356,0.0019398223375902,0.078069232404232,-0.051689669489861,-0.018092110753059,0.08202762901783,0.028754467144608,0.043907947838306,0.0059680049307644,0.019511757418513,-0.048355173319578,0.00027061643777415,-0.060824189335108,0.093006484210491,0.11737813800573,0.15155978500843,-0.1636116951704,0.0019360823789611,-0.013260770589113,-0.10030370950699,-0.0083731319755316,0.17207466065884,0.022039577364922,0.013682735152543,0.1016306579113,-0.039216201752424,0.049873858690262,0.055858459323645,-0.093212619423866,0.030547562986612,0.04010346531868,0.075848028063774,-0.050891060382128,0.098667286336422,-0.17411333322525,-0.023546524345875,-0.1820108294487,0.014440306462348,-0.052354522049427,0.05329754576087,0.10040304064751,0.13154537975788,-0.083109200000763,0.021039417013526,-0.0042899018153548,0.035716623067856,0.087073341012001,-0.0066539933905005,0.05913819745183,-0.028790466487408,0.041270483285189,-0.12459240108728,0.02207819186151,-0.035118117928505,-0.33864346146584,0.14464992284775,0.085366979241371,-0.025066671893001,-0.038693945854902,-0.24563789367676,0.16406869888306,-0.027212539687753,0.1731416285038,-0.12131877243519,0.032622266560793,0.046761438250542,0.054851070046425,0.15260501205921,-0.00059467548271641,-0.060877718031406,-0.0070446915924549,-0.12504401803017,-0.036651391535997,0.11581122875214,0.056162223219872,-0.047577742487192,0.010227898135781,-0.014500954188406,-0.018476255238056,-0.053796865046024,0.011604738421738,-0.060088261961937,-0.11522613465786,0.071251131594181,0.055937834084034,0.069347061216831,0.045807342976332,-0.053276997059584,0.022589256986976,-0.033642277121544,0.084009677171707,-0.029564682394266,-0.084244444966316,-0.11663646250963,0.091773726046085,0.11233298480511,0.062902174890041,0.0027811354957521,-0.11397989839315,-0.11032199114561,-0.016108913347125,-0.1769383251667,0.03042371571064,0.15655618906021,0.041534662246704,0.062099486589432,-0.040729437023401,0.059287905693054,0.13422115147114,0.025599209591746,0.21421641111374,0.099984355270863,-0.016140446066856,-0.021569728851318,-0.0095473108813167,0.045413915067911,0.088027194142342,0.038551926612854,0.042310416698456
0.020830702036619,0.18305526673794,0.17758995294571,0.067538402974606,-0.036981157958508,0.19776014983654,-0.064339362084866,-0.016345925629139,-0.012345392256975,-0.046694789081812,0.037900168448687,-0.082587860524654,-0.10968012362719,-0.04665020853281,0.13981354236603,-0.064225494861603,0.060211207717657,0.10982567816973,-0.0019240600522608,-0.14692589640617,0.0012611477868631,0.071628838777542,0.020992608740926,0.14267905056477,0.18075156211853,-0.21798713505268,0.033366613090038,0.098372511565685,0.015288486145437,-0.057342931628227,0.16319924592972,-0.12660582363605,-0.022462571039796,0.082886338233948,0.069612488150597,-0.0054552424699068,0.027015395462513,-0.13306158781052,0.028050232678652,0.017493885010481,0.030929125845432,-0.019549632444978,0.074793569743633,-0.057091750204563,-0.0014447749126703,-0.14934025704861,0.020459804683924,-0.017879286780953,-0.12398920953274,0.064015924930573,0.10739749670029,0.0080514382570982,0.044476941227913,-0.039000406861305,-0.10541145503521,0.072898901998997,-0.049499399960041,0.048415336757898,0.012631997466087,-0.097256802022457,-0.11488515138626,0.092007778584957,-0.016164984554052,-0.21492196619511,0.025254921987653,0.15029805898666,0.049052987247705,-0.14454501867294,-0.26936668157578,0.19155660271645,-0.013482387177646,0.022061072289944,-0.034387398511171,-0.0086603881791234,0.036463625729084,-0.085314996540546,0.03267190232873,-0.069669149816036,-0.0021097001153976,-0.004700125195086,-0.054411113262177,0.033918764442205,0.072940014302731,-0.055550310760736,0.04964267462492,-0.0026835612952709,-0.11424858868122,-0.10260897874832,-0.049613308161497,0.13830174505711,0.039229232817888,-0.10756983608007,0.0078908801078796,0.015757041051984,0.084750145673752,0.018187284469604,-0.05278230458498,0.055609706789255,-0.094758063554764,0.051370058208704,-0.050516467541456,0.033017795532942,-0.037288405001163,0.028206802904606,0.017295215278864,0.098973251879215,0.088593043386936,-0.11444254219532,-0.031002182513475,-0.069301217794418,0.016910057514906,0.029988717287779,0.095463432371616,0.067304790019989,0.059120617806911,-0.10902923345566,0.00013781024608761,0.078082479536533,0.11399930715561,0.066322572529316,0.10186532884836,-0.10076857358217,-0.040931679308414,-0.039506033062935,0.15067385137081,0.010527394711971,0.15105190873146,-0.033323530107737
0.012356101535261,0.062009729444981,0.12275949120522,0.11800644546747,0.018267938867211,0.14354108273983,-0.03379825130105,-0.093153215944767,0.061074737459421,-0.025321692228317,0.0055461060255766,0.033650424331427,-0.045131403952837,0.0098980534821749,0.087340705096722,0.062456678599119,0.07054814696312,0.048840418457985,-0.019681584089994,-0.083843596279621,0.037063486874104,-0.012522958219051,0.074259512126446,0.17364545166492,0.16461779177189,-0.16856737434864,-0.0088869789615273,0.024588974192739,-0.044334884732962,0.019564380869269,0.16717937588692,0.044462841004133,0.013739322312176,0.10683685541153,-0.014323852956295,0.0041147447191179,0.059884831309319,-0.05054809525609,0.061977006494999,0.031941507011652,0.039658274501562,-0.02941326238215,0.11892768740654,-0.20078641176224,0.035469148308039,-0.20705826580524,0.0053825140930712,-0.051097426563501,0.027729915454984,0.062359236180782,0.15513956546783,-0.086677819490433,0.087047845125198,-0.00019979788339697,0.0079754833132029,0.082854896783829,0.026823723688722,0.069793932139874,-0.0057238917797804,-0.015787800773978,-0.12015519291162,0.045033138245344,-0.070156060159206,-0.29322251677513,0.085038550198078,0.15953499078751,-0.014104126021266,-0.072546444833279,-0.28216347098351,0.12227131426334,-0.04348798468709,0.10876367986202,-0.11670503020287,0.019409378990531,0.069980144500732,0.020948525518179,0.13665996491909,-0.063209407031536,-0.043529633432627,0.01402438338846,-0.045292038470507,-0.0051934765651822,0.11403500288725,0.0042938310652971,-0.002017043530941,0.0047997268848121,-0.055224172770977,-0.045686550438404,-0.089786000549793,0.041429672390223,-0.051362045109272,-0.10648015141487,0.067477785050869,0.07344526052475,0.059661507606506,0.086778752505779,-0.081082962453365,0.061225410550833,-0.014020686969161,0.082160905003548,0.0063948445022106,-0.084283784031868,-0.10314125567675,0.14015839993954,0.099658884108067,0.041355721652508,0.025598553940654,-0.1393051892519,-0.062435273081064,-0.067658133804798,-0.15343496203423,0.051341619342566,0.13428503274918,0.049494422972202,0.060179390013218,-0.026294555515051,0.0049470257945359,0.16992828249931,-0.0048152091912925,0.16540268063545,0.097453877329826,-0.021966470405459,-0.033110294491053,-0.060495726764202,0.03849907591939,0.10564378648996,0.032046094536781,0.00086949212709442
-0.011122670955956,0.1371483951807,0.13539671897888,0.07433695346117,-0.063262321054935,0.18488262593746,-0.03239382058382,0.019723756238818,-0.0083523103967309,0.13298121094704,0.12999148666859,-0.093127802014351,-0.02088669501245,-0.11598589271307,0.17186607420444,0.037454348057508,-0.078212752938271,0.12121707201004,-0.051184598356485,-0.087931133806705,0.035076107829809,-0.075250536203384,0.023834595456719,0.11198904365301,0.13737706840038,-0.13493217527866,-0.019488509744406,-0.019065039232373,0.017395233735442,-0.074446618556976,0.13144032657146,-0.00050060998182744,-0.04426608979702,0.12932375073433,0.02135712094605,0.063911281526089,-0.01273175701499,-0.104971177876,0.056252829730511,-0.011888195760548,0.035742551088333,-0.19519281387329,0.021187046542764,-0.046039342880249,0.0070639378391206,-0.19372589886189,0.026827378198504,0.052579395473003,-0.14054051041603,0.024718811735511,0.095914766192436,-0.027191311120987,-0.070475295186043,-0.038932271301746,-0.054327335208654,0.089981958270073,-0.069768071174622,-0.022494750097394,0.0083075594156981,-0.044961877167225,-0.12072277069092,-0.0096486415714025,0.013506408780813,-0.1765251904726,0.066436961293221,0.19835747778416,-0.013172009028494,-0.077402509748936,-0.19092664122581,0.16001753509045,-0.088933929800987,0.10785330086946,-0.076050356030464,0.02116428501904,0.041545547544956,-0.16335794329643,0.08231071382761,0.034325931221247,0.0024629977997392,-0.0011536441743374,-0.031675647944212,-0.066977061331272,0.011881846003234,-0.080278664827347,-0.081343717873096,0.06574534624815,-0.042692489922047,-0.053481794893742,0.046949692070484,0.13058923184872,0.055646181106567,-0.075867205858231,-0.019088825210929,0.022674890235066,-0.028024397790432,0.052603699266911,-0.12674196064472,0.02575446665287,-0.011698107235134,0.039613038301468,0.017762009054422,-0.056285809725523,-0.082065358757973,-0.028165375813842,0.18258360028267,0.12418015301228,0.049261022359133,-0.057471510022879,0.032750520855188,-0.065288916230202,-0.13107784092426,0.12536790966988,0.082011438906193,-0.015256714075804,0.14837548136711,-0.093876220285892,0.056814022362232,0.08129083365202,0.11926295608282,0.097768038511276,0.12657397985458,-0.1269548535347,0.023555578663945,0.083230786025524,0.087259016931057,0.042239397764206,0.13439375162125,0.016608683392406
-0.044036351144314,0.12865211069584,0.098061300814152,0.028837578371167,0.013309637084603,0.23945160210133,-0.11528428643942,-0.07726588845253,0.03823970630765,-0.0025695369113237,0.0060932212509215,0.0051093832589686,-0.11995229870081,-0.090020827949047,0.11189366877079,0.0022148923017085,-0.073148086667061,0.077242717146873,-0.0072568128816783,-0.14004719257355,-0.048079315572977,0.073921851813793,0.12133918702602,0.024687549099326,0.11085407435894,-0.15460677444935,0.062315229326487,0.023806182667613,-0.085253000259399,-0.086030043661594,0.15980598330498,-0.078974507749081,2.916773155448e-05,0.078460782766342,0.074318639934063,0.067119352519512,0.042826518416405,-0.16948787868023,0.03879139572382,0.079240031540394,0.062826566398144,-0.072700701653957,0.053375687450171,-0.098382122814655,-0.058885868638754,-0.12610656023026,0.034292101860046,0.011551441624761,-0.061171926558018,0.15290284156799,0.10565749555826,-0.030487518757582,0.001311608008109,-0.0042085400782526,-0.06938361376524,0.058900635689497,0.034548871219158,-0.012456135824323,-0.057364705950022,0.0063342782668769,-0.13721364736557,0.079505212605,0.018786139786243,-0.23886388540268,0.12402041256428,0.060233384370804,-0.017456848174334,-0.028339840471745,-0.21004694700241,0.27485996484756,-0.0050969091244042,0.12210307270288,-0.052767675369978,0.017861912027001,0.038276933133602,-0.017535556107759,0.012054819613695,-0.051052208989859,-0.065696112811565,-0.050199747085571,-0.02643776498735,0.025980226695538,0.086454153060913,0.05795381590724,-0.083312332630157,0.030316155403852,-0.060292527079582,-0.03280770406127,-0.069244153797626,0.11346016079187,0.01037993375212,-0.086587093770504,0.018787121400237,0.038048565387726,0.06347544491291,0.038281515240669,-0.089298360049725,0.074307933449745,-0.06896898150444,0.064802840352058,-0.011821722611785,-0.06304007768631,-0.10383760929108,-0.025602899491787,0.16299599409103,0.058171235024929,0.029076762497425,-0.11492495983839,-0.10956028103828,0.034695159643888,-0.069582022726536,0.04027246683836,0.18722225725651,0.048958364874125,0.037644781172276,-0.077013559639454,0.032606348395348,0.13748732209206,0.10001401603222,0.1300392895937,0.17004956305027,-0.090776905417442,0.030782166868448,-0.04487931728363,0.099817082285881,0.030376804992557,0.10844264924526,0.046757999807596
0.015230981633067,0.1223019734025,0.084702827036381,0.094508640468121,0.015313752926886,0.2309338003397,-0.070645876228809,-0.035123184323311,-0.051416140049696,-0.040658585727215,0.055200923234224,-0.029253054410219,-0.093767367303371,-0.077729113399982,0.11292386054993,0.017522182315588,0.016190182417631,0.028452327474952,0.04267567768693,-0.083827830851078,0.036955166608095,-0.043016515672207,0.082783602178097,0.049506697803736,0.20577192306519,-0.17485868930817,-0.0055732559412718,-0.0089622139930725,-0.021889764815569,-0.067963384091854,0.1946629434824,-0.091683611273766,-0.023089524358511,0.057325098663568,0.043940413743258,0.068620517849922,-0.022249983623624,-0.13197737932205,0.084280081093311,-0.010390468873084,0.037883978337049,-0.052271649241447,0.067842364311218,-0.090908125042915,-0.017588036134839,-0.11513968557119,0.046857319772243,-0.044494982808828,-0.13000540435314,0.049337390810251,0.039151001721621,-0.0024449394550174,0.030733270570636,-0.034299913793802,-0.073014922440052,0.061244659125805,-0.030877009034157,0.059476286172867,-0.057874862104654,-0.016230439767241,-0.13212765753269,0.086243890225887,0.055763009935617,-0.28372755646706,0.1320034712553,0.15207755565643,-0.022391887381673,-0.049297519028187,-0.23800206184387,0.17355212569237,0.0060095461085439,0.12322148680687,-0.096904680132866,-0.029928397387266,0.052443087100983,-0.01978063210845,0.066183745861053,-0.043320626020432,-0.033006031066179,0.052313234657049,-0.12340857833624,-0.051739566028118,0.077368840575218,-0.0055485405027866,-0.079128161072731,0.061259817332029,-0.07417056709528,-0.057958137243986,-0.065046846866608,0.05502787977457,0.046001076698303,-0.097440883517265,-0.0089126965031028,0.089638337492943,0.075937390327454,0.0085061602294445,-0.036348272114992,0.059332598000765,-0.10846049338579,0.058969736099243,-0.06604166328907,-0.039041217416525,-0.11072391271591,0.00066083029378206,0.080065846443176,0.1672300696373,0.10503654927015,-0.045078545808792,-0.027910280972719,-0.067509934306145,-0.09284234046936,0.020631378516555,0.11847029626369,0.045582212507725,0.12832908332348,-0.057255487889051,-0.030919622629881,0.12695057690144,0.1269710958004,0.16423644125462,0.069157101213932,-0.11797685921192,-0.018654860556126,-0.013805666007102,0.12869139015675,0.082086600363255,0.15295268595219,0.017139883711934
-0.067233622074127,0.085574083030224,-0.17867641150951,0.062294244766235,-0.04773410782218,0.041578061878681,-0.041110936552286,-0.16020686924458,0.18105888366699,-0.056160714477301,0.076089031994343,0.00028148348792456,0.02163945697248,0.1353447586298,-0.083062447607517,0.053873330354691,0.032964706420898,0.042684834450483,0.013436358422041,-0.008781879208982,0.060235619544983,0.0031007160432637,0.0026323192287236,-0.023712016642094,-0.059865318238735,-0.033298436552286,-0.084014870226383,-0.074560441076756,0.052917592227459,0.16654686629772,0.13397233188152,0.11725363880396,0.10884154587984,-0.12726612389088,0.064408153295517,0.19692724943161,-0.021342970430851,0.074210025370121,-0.082418538630009,0.045152954757214,-0.13646596670151,0.14222523570061,-0.084716387093067,0.068056911230087,0.02661457285285,0.0048601590096951,0.073227614164352,-0.024708582088351,0.032839734107256,-0.086925886571407,-0.1054434850812,0.056599281728268,0.04647308588028,-0.056078854948282,-0.00049293535994366,0.13837920129299,-0.062332320958376,0.094702668488026,-0.033053014427423,0.036698222160339,-0.15767405927181,-0.013919232413173,0.18825349211693,-0.17697983980179,0.13560475409031,-0.077008165419102,0.072040125727654,-0.054565269500017,-0.075806893408298,0.11912409216166,0.10474705696106,-0.021730735898018,-0.010913931764662,-0.042774867266417,-0.0836121737957,0.0031687126029283,-0.02913811430335,-0.044020924717188,-0.16073021292686,-0.14195211231709,0.0032320248428732,0.099663347005844,-0.18037986755371,-0.045426405966282,-0.064406037330627,0.03373185172677,-0.087827362120152,-0.14601419866085,-0.05648934841156,-0.016206081956625,7.4061550549231e-05,-0.085077792406082,-0.032811366021633,-0.059057425707579,0.24557591974735,0.042618725448847,-0.039459098130465,0.043840456753969,0.0076643647626042,0.1721717864275,-0.025125369429588,-0.0070080915465951,-0.032763093709946,-0.093664214015007,-0.12899380922318,0.13057553768158,0.040549483150244,-0.16860032081604,0.043178666383028,0.050507053732872,-0.098807960748672,-0.080614306032658,-0.011839886195958,-0.072881512343884,0.035497955977917,0.047490861266851,0.094859018921852,-0.099363707005978,0.10746371001005,0.050769001245499,0.015132510103285,-0.058356378227472,0.041554175317287,0.030997330322862,-0.011033439077437,0.084070444107056,0.041569735854864,0.054066602140665
-0.082296840846539,0.061986465007067,-0.059414848685265,0.066407784819603,-0.053422097116709,0.10847613960505,-0.087172873318195,-0.15150083601475,0.20058564841747,0.019222252070904,0.11062552034855,0.0067841475829482,0.028959855437279,0.064624041318893,-0.085515566170216,0.015510997734964,0.028880121186376,0.19820274412632,-0.051910318434238,-0.074397176504135,0.1484442949295,-0.081558376550674,0.043662138283253,0.11037222296,0.040264789015055,-0.063258148729801,-0.032871589064598,-0.09622573107481,0.0033225959632546,0.11848777532578,0.18526931107044,0.075940683484077,0.10860902816057,-0.018165819346905,0.083420440554619,0.12394275516272,-0.065097346901894,0.083087265491486,-0.026077922433615,-0.040308196097612,-0.10377991199493,0.028010180220008,-0.11044810712337,0.040082611143589,0.024235470220447,-0.17782755196095,-0.001222571125254,0.0094969868659973,0.0009952902328223,-0.10402725636959,0.010539958253503,0.04672646522522,0.081900045275688,-0.07595332711935,-0.029666446149349,0.16589967906475,0.0094803441315889,0.056688848882914,-0.033596102148294,-0.096437282860279,-0.12244972586632,-0.045063968747854,0.14705143868923,-0.14257010817528,0.11314804852009,-0.012775237672031,0.012836288660765,0.022514490410686,-0.14630317687988,0.22699625790119,0.046783182770014,-0.038438078016043,-0.09863843023777,-0.14534589648247,-0.099159963428974,-0.031115721911192,-0.027092831209302,-0.032813634723425,-0.1183267608285,-0.081271797418594,-0.13724347949028,0.11405847966671,-0.056781083345413,-0.058428160846233,-0.094621799886227,-0.025074018165469,-0.017859952524304,-0.074894987046719,0.0068313209339976,0.008035278879106,-0.051279485225677,-0.11623206734657,0.060377068817616,-0.014734691940248,0.14052265882492,0.016530422493815,-0.13283325731754,0.055495884269476,-0.019938690587878,0.10052750259638,0.11702805012465,-0.0058098933659494,-0.097932748496532,-0.017896987497807,0.087415009737015,0.054076679050922,0.03142998367548,-0.22083692252636,0.047442361712456,-0.032034911215305,-0.15183064341545,0.014164845459163,-0.00085457396926358,-0.0091198058798909,0.11650314182043,0.045302752405405,-0.016735354438424,-0.077310167253017,0.12521284818649,0.101598136127,0.074952177703381,-0.089243151247501,-0.045864660292864,-0.030476588755846,0.019916161894798,0.11549945920706,0.068867944180965,0.064125336706638
-0.016202481463552,0.13064193725586,-0.079038128256798,0.079633183777332,-0.046173065900803,0.15909649431705,-0.043913889676332,-0.18321725726128,0.14337478578091,-0.04319679364562,0.12752376496792,-0.0022293499205261,0.0075813676230609,0.11042040586472,-0.066997498273849,0.0018179926555604,0.024688847362995,0.14789573848248,-0.084121473133564,-0.096730805933475,0.095555126667023,-0.020841594785452,-0.001236402313225,0.1055646687746,0.04232731834054,-0.11254505813122,-0.063801363110542,-0.003759348532185,-0.0010588255245239,0.1223474368453,0.15104675292969,0.10659513622522,-0.0079763289541006,0.0097135091200471,0.030647277832031,0.16093167662621,-0.085618920624256,-0.012003486044705,-0.02783734165132,0.057206436991692,-0.087990671396255,0.061439249664545,-0.073658876121044,0.018115503713489,0.038540754467249,-0.12887233495712,0.02089967019856,0.017450053244829,-0.037828043103218,-0.030733605846763,0.034752558916807,0.088338054716587,0.00016609410522506,-0.059338491410017,-0.03492633625865,0.14859980344772,-0.050957333296537,0.14539414644241,-0.0029917601495981,-0.024251982569695,-0.12971161305904,0.050300620496273,0.17445023357868,-0.19758792221546,0.06228544190526,0.0058965091593564,0.056525997817516,-0.0016103126108646,-0.17778240144253,0.28639024496078,0.070731610059738,0.023369370028377,-0.030577251687646,-0.023020228371024,-0.083362407982349,-0.050799269229174,-0.00093792920233682,-0.080894343554974,-0.16562737524509,-0.11019164323807,-0.053123150020838,0.11913596838713,-0.071484200656414,-0.10747689008713,-0.14509291946888,0.028582388535142,-0.050132546573877,-0.18381351232529,-0.045907467603683,0.038896325975657,0.0082107940688729,-0.15692713856697,0.038051940500736,-0.055511478334665,0.18629072606564,0.042407438158989,-0.10307542234659,0.011978938244283,-0.0034713242202997,0.12304487079382,0.028288641944528,0.03133824467659,-0.070038639008999,0.021744875237346,-0.0019229733152315,0.1112315505743,-0.024197174236178,-0.14455792307854,-0.021500108763576,-0.018671145662665,-0.06743311136961,0.022054973989725,0.0073732053861022,0.011854326352477,0.079006277024746,0.015207326039672,0.058936327695847,-0.039755076169968,0.17153748869896,0.10745353251696,0.08768754452467,-0.08926772326231,0.0043949722312391,0.014387270435691,0.012485867366195,0.081880480051041,0.063682049512863,0.039057224988937
-0.071169354021549,0.10475623607635,-0.11316637694836,0.11384800076485,-0.0046418718993664,0.076524488627911,-0.059040550142527,-0.22462828457355,0.21454858779907,-0.077109679579735,0.039481494575739,0.032024186104536,-0.056891746819019,0.088110260665417,-0.15192948281765,0.03061037696898,0.00059285515453666,0.12375216931105,-0.037484012544155,-0.058809842914343,0.11564642190933,-0.094229593873024,-0.039991416037083,0.029695266857743,0.088249571621418,-0.08571520447731,-0.10353476554155,-0.017737533897161,-0.022036639973521,0.16519762575626,0.14408698678017,0.15678648650646,0.056984417140484,-0.036584746092558,0.055492762476206,0.13476456701756,-0.062789008021355,-0.013995609246194,-0.014416532590985,-0.076443426311016,-0.060322932898998,0.055192999541759,0.03906437009573,-0.027323124930263,0.11572971194983,-0.097643554210663,0.04200542345643,-0.023147225379944,-0.01149039901793,-0.083032429218292,-0.056929115206003,0.045661881566048,0.12733362615108,-0.062517516314983,0.030816754326224,0.1435114890337,-0.069890685379505,0.078953020274639,-0.06019825860858,-0.072837822139263,-0.078919753432274,0.057423006743193,0.16399136185646,-0.15532201528549,0.066541559994221,0.099791765213013,-0.0037140711210668,-0.021800506860018,-0.15688268840313,0.17462328076363,0.05980883911252,-0.011756271123886,-0.051186200231314,-0.059539400041103,-0.081274263560772,0.020387269556522,0.035191141068935,-0.12776271998882,-0.16210275888443,-0.13786488771439,-0.072686158120632,0.17992599308491,-0.093613676726818,-0.056185148656368,-0.086896404623985,0.037749607115984,-0.1010592058301,-0.085003413259983,-0.0011233456898481,0.045156966894865,0.019441798329353,-0.12193308025599,0.015739230439067,-0.0068162307143211,0.19284246861935,0.0843910202384,-0.099064767360687,0.034842249006033,0.015412147156894,0.10635057091713,0.06708288192749,-0.059679869562387,-0.065522097051144,-0.044414900243282,-0.040286913514137,0.14066624641418,0.023537311702967,-0.14564770460129,-0.051594872027636,0.021453961730003,-0.076655618846416,-0.036103244870901,-0.010060101747513,-0.033111214637756,0.09605298936367,-0.010148973204195,0.012822206132114,-0.0117954807356,0.17887875437737,0.06339754909277,0.079070635139942,-0.021941971033812,0.042932014912367,-0.050934892147779,-0.012387973256409,0.12356303632259,0.091222874820232,-0.0048143430612981
-0.10482650250196,0.0047517642378807,0.091918237507343,0.070917338132858,0.068360485136509,0.03283504396677,-0.14224773645401,-0.18407589197159,0.14220774173737,-0.058838561177254,0.020066287368536,0.034687668085098,-0.037550427019596,0.054254457354546,0.027847148478031,0.077721640467644,0.054635897278786,0.17285972833633,-0.057171646505594,0.0088343536481261,0.080639742314816,-0.0077898846939206,0.10485086590052,0.059593740850687,0.067869365215302,-0.04384608566761,-0.045786611735821,-0.052619434893131,-0.043042730540037,0.013462699949741,0.20135490596294,0.09662052243948,0.1541150957346,0.021028598770499,0.1444508433342,0.17475837469101,-0.010349363088608,0.032048273831606,-0.058397520333529,-0.12650233507156,-0.030005877837539,0.043833337724209,0.014146508648992,-0.035227458924055,0.0078558912500739,-0.009416907094419,0.027811707928777,0.0065394891425967,-0.043525107204914,-0.043692961335182,-0.068838819861412,-0.081145294010639,0.11352586001158,-0.098931223154068,-0.00081404123920947,0.11019918322563,-0.03955078497529,0.0061958604492247,-0.074906654655933,-0.0096661821007729,-0.1194933205843,0.013898391276598,0.022384019568563,-0.12014701962471,0.19724453985691,0.033033430576324,-0.089928805828094,0.027222642675042,-0.1899002045393,0.21677842736244,0.046693678945303,-0.042571753263474,-0.077210448682308,-0.167789965868,-0.071690484881401,0.01759266667068,-0.022826885804534,-0.032997108995914,-0.081218488514423,-0.1228749230504,-0.073822319507599,0.11774527281523,-0.10814420133829,-0.036186199635267,-0.087091438472271,-0.041087880730629,-0.068107157945633,0.0082094101235271,-0.099785804748535,0.11451627314091,0.04646435379982,-0.011021919548512,0.0080493856221437,0.028896883130074,0.13175673782825,0.14528301358223,-0.14329698681831,0.091297805309296,-0.039907779544592,0.043544434010983,0.050033375620842,-0.09299424290657,-0.1226726770401,-0.10589273273945,0.12045311927795,0.068607658147812,0.06054325401783,-0.21278885006905,0.091261394321918,-0.006300700828433,-0.17352172732353,0.0095232482999563,0.035417430102825,-0.00089640641817823,0.11902795732021,-0.019983129575849,-0.047353297472,-0.052375119179487,0.053610775619745,0.14392165839672,0.098846070468426,0.0046760272234678,-0.031146975234151,0.0078368121758103,0.038052253425121,0.098931223154068,0.13124148547649,-0.024020370095968
-0.044154338538647,0.071143113076687,-0.0095820995047688,0.0682253241539,0.02103740721941,0.042241133749485,-0.072153158485889,-0.20799826085567,0.26361787319183,-0.11791092902422,0.073207445442677,-0.012615031562746,-0.02286584675312,0.09629663079977,-0.060990232974291,0.045999135822058,0.013874602504075,0.13680817186832,-0.1279923170805,-0.028553288429976,0.13665406405926,-0.0058181677013636,0.02974122390151,0.011525882408023,0.044676415622234,-0.087718978524208,-0.10741980373859,-0.011863236315548,0.016083493828773,0.11216667294502,0.18704016506672,0.12441511452198,0.1259081363678,-0.01089414767921,0.12289474159479,0.13898198306561,-0.0062018325552344,0.11319009959698,-0.012333196587861,-0.10471581667662,-0.073569506406784,0.091235741972923,-0.032793533056974,-0.024174734950066,0.063395038247108,-0.07289395481348,-0.025284696370363,0.010142037644982,0.0034780099522322,-0.060013331472874,-0.14815779030323,0.041260074824095,0.13123907148838,-0.045426085591316,-0.020521162077785,0.09280938655138,-0.055719904601574,0.039187047630548,-0.11573679000139,-0.082741789519787,-0.13939666748047,0.0040662712417543,0.13300897181034,-0.10264064371586,0.050663471221924,0.094069950282574,-0.0020650618243963,0.047170121222734,-0.14999254047871,0.15555283427238,0.10246331244707,-0.084110446274281,-0.048709586262703,-0.10928920656443,-0.077822811901569,-0.017342628911138,-0.030873589217663,-0.16303485631943,-0.11551836133003,-0.098372124135494,-0.018185403198004,0.17237313091755,-0.1060446202755,-0.068063855171204,-0.027378285303712,0.0039575849659741,-0.095321163535118,-0.044091083109379,-0.033834591507912,0.086358100175858,0.086984254419804,-0.12505175173283,0.0067380908876657,0.016281859949231,0.15786196291447,0.051283746957779,-0.15775044262409,0.052784666419029,-0.020122962072492,0.08280073851347,0.083251468837261,-0.075479984283447,-0.074241317808628,-0.066008344292641,0.0068787699565291,0.11040812730789,0.067637607455254,-0.17630618810654,0.10078282654285,-0.012301362119615,-0.084421671926975,-0.01473655179143,-0.05161014944315,0.040036000311375,0.11789712309837,0.016938826069236,-0.045371759682894,-0.025957508012652,0.12051476538181,0.072797335684299,0.077735848724842,0.0097563629969954,0.0078928656876087,0.021685747429729,0.025646762922406,0.067747563123703,0.14861187338829,-0.0015972317196429
-0.069838419556618,0.077868469059467,-0.11722321808338,0.081033647060394,0.035408653318882,0.017064278945327,0.0021512995008379,-0.1850072145462,0.17674969136715,0.0099018858745694,0.060491386801004,-0.00047364289639518,0.022292969748378,0.13325747847557,-0.055659491568804,0.03061998449266,0.086993895471096,0.10819421708584,-0.0086088366806507,0.05573446303606,0.079898178577423,-0.11434075981379,0.020732119679451,0.045868113636971,0.018675602972507,-0.074760422110558,-0.13296286761761,-0.035812601447105,0.094320818781853,0.14196848869324,0.1470633149147,0.12027864903212,0.11178977042437,-0.086971007287502,0.090357348322868,0.15964379906654,-0.021644914522767,0.12504337728024,-0.085423849523067,-0.12987788021564,-0.10561784356833,0.10770086199045,-0.037884581834078,0.0047057741321623,0.011217219755054,-0.033457707613707,0.026744641363621,0.055827677249908,0.043225601315498,-0.089914351701736,-0.14302413165569,0.045087944716215,0.081413127481937,-0.10618604719639,0.049974586814642,0.1176098883152,-0.087096638977528,0.088343039155006,-0.056809145957232,-0.047994494438171,-0.15413799881935,0.0068531450815499,0.17009036242962,-0.16098572313786,0.13218060135841,0.083092629909515,-0.0096780899912119,-0.030103534460068,-0.16270929574966,0.087120585143566,0.081782080233097,-0.01520259398967,-0.041087742894888,-0.054878491908312,-0.07267364859581,0.00060999923152849,0.045509796589613,-0.035081155598164,-0.045388296246529,-0.16924224793911,-0.056556168943644,0.10493425279856,-0.16272215545177,-0.055493384599686,0.011024555191398,-0.04144512116909,-0.12158311903477,-0.013897554017603,0.053035508841276,0.03830111771822,0.048227176070213,-0.053723227232695,0.033224735409021,-0.023306395858526,0.21056172251701,-0.020387711003423,-0.069788284599781,0.070872657001019,-0.0027909919153899,0.084670521318913,0.073126785457134,-0.034634776413441,-0.034334268420935,-0.12062054127455,-0.096352145075798,0.1693507283926,0.089497230947018,-0.20696958899498,0.15790687501431,0.039952032268047,-0.09475402534008,-0.0051631275564432,0.0013911093119532,-0.0057289660908282,0.087763652205467,0.023843176662922,0.035045769065619,-0.048056118190289,0.078294649720192,0.092010907828808,-0.016502866521478,-0.051088694483042,-0.0094125866889954,0.032062079757452,-0.07579592615366,0.14270010590553,0.067915841937065,-0.0024256040342152
-0.04175965860486,0.015379279851913,-0.031899284571409,0.1134017854929,0.015863617882133,0.04250830039382,-0.06036601215601,-0.1859133541584,0.22477789223194,-0.085442654788494,0.080903485417366,0.020229494199157,0.0016054877778515,0.13434636592865,-0.062236957252026,0.042478714138269,0.074354648590088,0.17264208197594,-0.084348231554031,-0.044156458228827,0.16867126524448,-0.041563712060452,0.010536991991103,0.10200206935406,0.069182559847832,-0.084411330521107,-0.086967140436172,-0.047088123857975,-0.017287330701947,0.14769357442856,0.18695762753487,0.14271348714828,0.098230056464672,-0.0051875724457204,0.083486713469028,0.15759412944317,-0.054608263075352,0.054321195930243,-0.067343086004257,-0.094681307673454,-0.078108809888363,0.12347387522459,-0.037259440869093,0.021916279569268,0.060365576297045,-0.1122685521841,-0.0022806683555245,-0.0093440366908908,0.042737290263176,-0.10296693444252,-0.037132628262043,-0.00026085964054801,0.10327012091875,-0.083043202757835,0.033419422805309,0.14280521869659,-0.0682378038764,0.082141190767288,-0.016487237066031,-0.081648670136929,-0.10771950334311,-0.019661923870444,0.094375059008598,-0.12007284909487,0.08195012062788,0.029265260323882,0.0029581382405013,0.0201929025352,-0.1326919645071,0.20775239169598,0.083728685975075,-0.033055581152439,-0.0380625911057,-0.15538656711578,-0.13696733117104,-0.010243402794003,-0.004569920245558,-0.074981331825256,-0.14814104139805,-0.11345331370831,-0.056475449353456,0.17702105641365,-0.10759064555168,-0.10587408393621,-0.056780204176903,-0.031220611184835,-0.048220872879028,-0.07316979765892,-0.048967096954584,0.043574746698141,0.015907280147076,-0.093344055116177,0.00036641824408434,-0.04094522818923,0.1687089651823,0.089152559638023,-0.1315063983202,0.035577159374952,-0.0076137403957546,0.096401169896126,0.077533803880215,-0.034502048045397,-0.045360550284386,-0.053709741681814,-0.01348708383739,0.073225699365139,0.0062275952659547,-0.22462737560272,0.060489300638437,-0.013413592241704,-0.11788322031498,-0.0093745002523065,-0.056630879640579,-0.010924615897238,0.12642624974251,0.023338738828897,0.0074669765308499,-0.093865685164928,0.083825513720512,0.07973113656044,0.067917726933956,0.018930822610855,-0.01160782482475,0.012775212526321,0.0051996344700456,0.087402783334255,0.11273736506701,0.012566314078867
-0.077414765954018,0.08075962215662,-0.093414932489395,0.043771680444479,-0.075695484876633,0.078265845775604,-0.081315629184246,-0.14167867600918,0.18101595342159,-0.084493011236191,0.065728388726711,-0.012996955774724,0.038325216621161,0.16146577894688,-0.091900713741779,-0.025620445609093,0.054319951683283,0.087945356965065,-0.012238566763699,-0.0061598243191838,0.093895941972733,-0.056400813162327,0.024569502100348,0.058197077363729,-0.047764368355274,-0.070254966616631,-0.056931886821985,-0.040057566016912,-0.0011854531476274,0.11541987210512,0.14717674255371,0.030644204467535,0.13952562212944,-0.065900795161724,0.096557393670082,0.18570530414581,-0.00089493539417163,0.11643418669701,-0.13598610460758,-0.054082546383142,-0.13418067991734,0.10107938945293,-0.069356516003609,0.042248748242855,0.021110130473971,-0.048641867935658,0.047642912715673,0.0066775837913156,-0.027697969228029,-0.042142421007156,-0.11628080159426,0.019511831924319,0.098356746137142,-0.032634943723679,0.042418129742146,0.15279704332352,-0.071148730814457,0.082978092133999,-0.026490151882172,-0.10197784006596,-0.13735604286194,0.038544844835997,0.17403638362885,-0.18771187961102,0.14001978933811,0.01562756486237,0.058724481612444,-0.028003577142954,-0.14777214825153,0.15919005870819,0.079879529774189,-0.11276653409004,-0.043797191232443,-0.11219101399183,-0.059711746871471,0.0131144085899,-0.011274950578809,-0.063653975725174,-0.071530520915985,-0.14234054088593,-0.088819451630116,0.077432803809643,-0.14642345905304,-0.085700981318951,-0.055938214063644,-0.0077892364934087,-0.092476047575474,-0.10041328519583,0.011575420387089,0.071848928928375,0.0293906070292,-0.14239287376404,0.065573744475842,-0.04598581045866,0.19747726619244,0.019326902925968,-0.067432194948196,0.082579970359802,-0.01606172695756,0.12706638872623,0.054495315998793,0.042416743934155,-0.070832148194313,-0.10911801457405,-0.069465570151806,0.13886179029942,0.042973943054676,-0.21327579021454,0.0055335098877549,-0.0091288378462195,-0.090940892696381,-0.045373868197203,0.0058399066329002,-0.033420044928789,0.057040669023991,0.041328072547913,0.043616365641356,-0.10762525349855,0.12341091781855,0.074534818530083,0.015373733825982,-0.09957767277956,-0.00039355075568892,0.0020641745068133,0.021815307438374,0.1074893027544,0.093479387462139,0.033112496137619
0.021771065890789,-0.0053831725381315,0.03579580411315,0.14023016393185,0.012089132331312,0.12576198577881,-0.026465656235814,-0.10668156296015,0.054295621812344,-0.048183910548687,0.079519093036652,-0.0889932513237,-0.005024095531553,0.12100426852703,0.09657321870327,-0.037492986768484,0.064019903540611,0.084190458059311,0.026930086314678,-0.019692037254572,0.095109269022942,-0.14102774858475,0.017623191699386,0.15735718607903,0.19660410284996,-0.17523662745953,-0.10826088488102,-0.0010396988363937,-0.025943433865905,0.019993072375655,0.20200608670712,-0.039349116384983,-0.02781711705029,-0.01082188822329,0.064601898193359,0.15428555011749,-0.13375869393349,-0.067432455718517,-0.067263282835484,-0.16788913309574,-0.026034239679575,0.02668577618897,-0.034340526908636,-0.0078399209305644,0.031946249306202,-0.10579600930214,-0.043034724891186,0.075610592961311,0.0036305875983089,-0.062921658158302,-0.054948169738054,-0.027745965868235,0.14337663352489,-0.13398508727551,0.017934247851372,0.080457657575607,-0.1465345621109,0.13558655977249,0.059230703860521,-0.11563680320978,-0.089928261935711,0.12428273260593,0.067120134830475,-0.13225363194942,0.035675849765539,0.25157794356346,0.015514393337071,-0.013297874480486,-0.1844530403614,0.094150111079216,0.045790046453476,0.063491478562355,-0.026400277391076,-0.14284314215183,-0.051169451326132,-0.047091018408537,0.058908671140671,-0.11067206412554,0.0155168492347,0.052081935107708,-0.046237383037806,-0.024948582053185,-0.069208920001984,-0.16910944879055,-0.017371509224176,-0.022665128111839,-0.094334743916988,-0.056405443698168,-0.010781392455101,0.071698516607285,0.094709776341915,-0.022415330633521,0.070110641419888,0.0017753751017153,0.038642153143883,0.0078537184745073,-0.085137248039246,0.0091869197785854,-0.021137626841664,0.010409033857286,0.092497587203979,0.013728090561926,-0.0046649179421365,-0.17233614623547,-0.059481464326382,0.19393576681614,0.073420859873295,-0.17037653923035,0.083913810551167,-0.011778459884226,0.0052761370316148,0.042737927287817,0.03467046096921,-0.036294873803854,0.11616062372923,0.022343643009663,-0.036105003207922,0.080602638423443,0.052685786038637,0.088301293551922,-0.012865838594735,-0.13729844987392,-0.06343536823988,0.024141373112798,-0.0024861197452992,0.14198449254036,0.12051653116941,0.0031241811811924
-0.013624393381178,0.08341371268034,0.023995269089937,0.057150840759277,0.096587635576725,0.17472250759602,-0.043474394828081,-0.17332416772842,0.019111350178719,-0.0024771930184215,0.04492050036788,-0.061214603483677,-0.0071666017174721,0.064549587666988,0.10185492783785,0.0040129353292286,-0.014031512662768,0.088495455682278,-0.012197279371321,-0.025127377361059,0.074236705899239,-0.11050549149513,0.13351245224476,0.055158790200949,0.19147568941116,-0.16905316710472,-0.098772451281548,-0.0089360987767577,0.015288827940822,0.0061016669496894,0.21030303835869,-0.035812791436911,-0.013572519645095,0.0030469542834908,0.10425395518541,0.14297364652157,-0.099927179515362,-0.03165590018034,0.026710860431194,-0.13483557105064,-0.01076827570796,-0.015973534435034,-0.003490348579362,-0.024578282609582,-0.06821458786726,-0.04473964497447,-0.016876436769962,0.11814155429602,-0.047441955655813,-0.0051935603842139,-0.060277581214905,0.028227692469954,0.072831496596336,-0.11979368329048,-0.020506767556071,0.047903142869473,-0.053147941827774,0.12633617222309,-0.051397781819105,-0.061033375561237,-0.13294549286366,0.10963798314333,0.13013325631618,-0.16063725948334,0.11519823223352,0.19666685163975,-0.076917879283428,0.081906884908676,-0.21393926441669,0.18770565092564,0.059091106057167,0.13872256875038,-0.078333377838135,-0.097312279045582,-0.014998577535152,-0.015560887753963,0.021089166402817,-0.10477634519339,0.01857010088861,0.030203003436327,-0.050561796873808,-0.025483019649982,-0.0085219563916326,-0.045930549502373,-0.095012612640858,-0.041866969317198,-0.080748677253723,0.010659118182957,-0.0069105662405491,0.08546094596386,0.10159163177013,-0.04277203604579,0.06191223859787,0.038551323115826,0.042290240526199,-0.061616264283657,-0.1157369017601,0.099601179361343,-0.038178522139788,-0.0079267453402281,0.082109868526459,-0.021253379061818,-0.061101276427507,-0.11411594599485,0.024919236078858,0.17502123117447,0.055722422897816,-0.080251947045326,0.15198203921318,-0.0032989347819239,-0.019534008577466,0.065328672528267,0.050105143338442,0.063404828310013,0.13402996957302,0.030885813757777,-0.066118448972702,0.14111495018005,0.077541209757328,0.19843700528145,0.050058800727129,-0.13047988712788,-0.068102270364761,0.020564725622535,-0.029313495382667,0.1294718682766,0.11219067871571,0.027346756309271
0.014135053381324,0.041867591440678,0.093959659337997,0.12781465053558,0.03229309245944,0.096261873841286,-0.013633552007377,-0.11364737898111,0.063390888273716,-0.048166614025831,0.040746331214905,-0.068031556904316,-0.067685708403587,0.079153791069984,0.06529388576746,-0.026136813685298,0.062103055417538,0.14059428870678,-0.042903281748295,-0.039536777883768,0.047988228499889,-0.11911554634571,0.041121385991573,0.12323628365993,0.16980911791325,-0.2208613306284,-0.089573726058006,0.048000689595938,-0.056380577385426,-0.028494365513325,0.16881054639816,-0.0506471991539,-0.031865749508142,0.013595217838883,0.089491441845894,0.098051123321056,-0.1281002163887,-0.060561772435904,-0.077404037117958,-0.14342896640301,-0.031979694962502,0.046049904078245,0.0019726539030671,-0.037357334047556,0.037424068897963,-0.066531352698803,-0.070568509399891,0.052923433482647,-0.056936718523502,0.0040772692300379,-0.038229584693909,-0.042704250663519,0.088704615831375,-0.13457854092121,-0.03682254254818,0.067632369697094,-0.13545721769333,0.12631548941135,0.012698263861239,-0.05616182461381,-0.068654790520668,0.14068557322025,0.039277117699385,-0.1507521122694,0.089215159416199,0.20881766080856,-0.050007209181786,-0.02893996424973,-0.27123215794563,0.15672771632671,0.072525352239609,0.052533242851496,-3.3902644645423e-05,-0.10181187093258,-0.089444167912006,-0.032675486057997,0.08057876676321,-0.1251138150692,0.008238379843533,-0.048424333333969,-0.07784952968359,-0.027194239199162,-0.090800270438194,-0.14997275173664,-0.065389268100262,-0.030487503856421,-0.13642585277557,-0.071101635694504,-0.022567899897695,0.11297784000635,0.08475599437952,-0.049702450633049,0.062821738421917,-0.01350905559957,0.11302591860294,0.06523709744215,-0.083236664533615,-0.004448858089745,-0.044175799936056,0.05147410184145,0.062579683959484,-0.01204226911068,-0.056562524288893,-0.13649116456509,0.017067344859242,0.15127101540565,0.089348293840885,-0.16084085404873,0.065495826303959,-0.023035878315568,-0.016494184732437,0.048452276736498,0.098821267485619,0.030696153640747,0.11314765363932,-0.025647135451436,-0.027570834383368,0.13141931593418,0.1011760160327,0.099956415593624,-0.013008150272071,-0.1039656624198,-0.076688341796398,0.022872239351273,0.071453705430031,0.09817186743021,0.10599283874035,-0.07721071690321
0.022374555468559,0.057772800326347,0.052484016865492,0.18353912234306,-0.026045957580209,0.12224717438221,-0.043644730001688,-0.16874508559704,0.055110055953264,-0.02917911298573,0.078698106110096,-0.034073676913977,-0.017434732988477,0.10229934006929,0.073219753801823,-0.064460314810276,0.085933096706867,0.0575913451612,-0.0053280852735043,-0.042255464941263,-0.00044561582035385,-0.14814174175262,0.039724595844746,0.1502091884613,0.22010485827923,-0.19284909963608,-0.070991471409798,0.039028905332088,-0.084799766540527,0.01822124235332,0.19956023991108,0.048643663525581,-0.038673888891935,0.022760407999158,-0.01594315096736,0.09370693564415,-0.11163740605116,-0.016416469588876,-0.001624507131055,-0.052412625402212,0.015346175059676,-0.022427037358284,-0.06608872115612,-0.13543435931206,0.020080111920834,-0.11222359538078,-0.072929300367832,0.028493102639914,0.014855928719044,-0.054972112178802,0.055287081748247,0.059851497411728,0.14405693113804,-0.10701025277376,-0.048094127327204,0.053532116115093,-0.087819464504719,0.10673183947802,0.04274432733655,-0.052419111132622,-0.10483062267303,0.11370688676834,-0.0028261027764529,-0.19346880912781,0.032369401305914,0.24238628149033,0.062244955450296,0.014619300141931,-0.25557759404182,0.11569548398256,0.044034153223038,0.075061157345772,-0.049125142395496,-0.050187323242426,0.026474116370082,-0.0056705432944,0.068688981235027,-0.16864170134068,-0.031587984412909,0.11378204077482,-0.11700031161308,-0.060330994427204,0.0097918128594756,-0.14092808961868,-0.038717370480299,-0.0081991506740451,-0.065542109310627,-0.10067531466484,-0.069693550467491,0.0010767155326903,-0.023372864350677,-0.073293201625347,0.18227452039719,0.055474448949099,0.0029389508999884,-0.033933971077204,-0.058453060686588,-0.059148568660021,0.020734246820211,0.002685610903427,0.052411913871765,0.011547193862498,-0.052469782531261,0.020535526797175,0.029164131730795,0.13086549937725,0.059804130345583,-0.087653085589409,0.024511694908142,-0.037877477705479,-0.039426807314157,0.061915598809719,0.052090357989073,0.02165874838829,0.058976143598557,-0.021843034774065,-0.10364076495171,0.1425077021122,0.10593047738075,0.13198517262936,0.001632614294067,-0.10915528982878,-0.12172427028418,-0.011649772524834,0.10269719362259,0.13425180315971,0.058952435851097,-0.00097743817605078
0.0088994819670916,0.067369341850281,0.054264925420284,0.11658029258251,0.075921222567558,0.12409150600433,-0.085169427096844,-0.20853114128113,0.078974507749081,-0.051037456840277,0.096219770610332,0.0031383237801492,-0.049069724977016,0.043512705713511,0.09280251711607,0.041192814707756,0.058755539357662,0.088034994900227,-0.070654340088367,-0.00055820244597271,0.011205294169486,-0.028305383399129,0.11056714504957,0.10404213517904,0.16013190150261,-0.14474825561047,-0.020680766552687,0.019362209364772,-0.032827366143465,-0.0088619412854314,0.22211773693562,0.05895784497261,0.015507183037698,0.059684719890356,0.063822366297245,0.17211516201496,-0.063464842736721,-0.03510233014822,-0.0075065023265779,-0.057750504463911,-0.0020172654185444,-0.001419230713509,-0.032469969242811,-0.065224461257458,-0.020234074443579,-0.026329521089792,-0.029440637677908,0.077715411782265,-0.038299713283777,0.019032567739487,-0.00659817783162,0.026265567168593,0.051167108118534,-0.13717666268349,-0.050078958272934,0.055410694330931,-0.12105929106474,0.10558998584747,-0.06016157194972,0.042326059192419,-0.16312098503113,0.05820856243372,0.081583730876446,-0.20190507173538,0.13176786899567,0.12188015133142,-0.046177342534065,0.053621545433998,-0.25802636146545,0.24132646620274,0.046881414949894,0.078996926546097,-0.065272554755211,-0.071721591055393,-0.030238138511777,-0.039007764309645,0.056771509349346,-0.075267098844051,-0.077990129590034,0.0041264933533967,-0.038866739720106,0.0057744295336306,-0.056690264493227,-0.10464892536402,-0.10591891407967,-0.035927958786488,-0.090364895761013,-0.062020756304264,-0.11138555407524,0.10697585344315,0.082647316157818,-0.059621889144182,0.032274711877108,0.071355864405632,0.1059010848403,0.05557819083333,-0.1109414845705,-0.014340731315315,-0.0057212673127651,7.5583484431263e-05,0.015586288645864,-0.060419157147408,-0.11936208605766,-0.054116528481245,0.075678482651711,0.12939040362835,0.060667708516121,-0.12212537974119,0.099547252058983,-0.018547711893916,-0.074827469885349,0.095392949879169,0.084424458444118,0.079908028244972,0.12238774448633,-0.043188638985157,-0.065416306257248,0.093635305762291,0.099914155900478,0.2036942243576,0.071331806480885,-0.051854759454727,-0.057479523122311,0.069328896701336,0.074779599905014,0.093738377094269,0.12502348423004,-0.048817083239555
-0.025715129449964,0.018472418189049,0.066375486552715,0.20173887908459,0.018308820202947,0.10704458504915,-0.0032600676640868,-0.20109245181084,0.072950661182404,-0.079221136868,0.028245421126485,-0.00038478508940898,-0.074361436069012,0.081466801464558,0.042755912989378,-0.043219096958637,-0.014156430959702,0.036841407418251,0.037252102047205,-0.048229958862066,0.061726089566946,-0.16958248615265,-0.0037724382709712,0.13623261451721,0.24540340900421,-0.17403174936771,-0.11957844346762,-0.0058498457074165,-0.095765113830566,0.056608725339174,0.18607899546623,-0.020698789507151,-0.040972139686346,-0.014515001326799,0.048123978078365,0.10670831054449,-0.12898182868958,-0.09938307851553,-0.035913147032261,-0.11589697748423,0.04782197996974,0.00076620787149295,0.042993724346161,-0.077781401574612,0.039556831121445,-0.08201427012682,-0.018426371738315,-0.0132846692577,0.023634729906917,-0.071155928075314,-0.005709461402148,-0.048116605728865,0.16640987992287,-0.10894121229649,0.07423347979784,0.093269772827625,-0.1299297362566,0.15225246548653,0.014571316540241,-0.044087003916502,-0.064002886414528,0.1257146447897,0.035036634653807,-0.15878666937351,0.1082976385951,0.24294047057629,-0.0026280672755092,-0.05237202718854,-0.22364091873169,0.10170125216246,0.062475699931383,0.1257102638483,-0.024331599473953,-0.087624594569206,0.012448658235371,0.04726530238986,0.063455134630203,-0.13616806268692,-0.030062330886722,0.062356773763895,-0.086152039468288,-0.021786045283079,-0.00049884617328644,-0.084606394171715,-0.080641277134418,-0.0073964581824839,-0.058664120733738,-0.055874887853861,-0.083800956606865,0.023363770917058,0.014501410536468,-0.05004196241498,0.12814895808697,-0.0055645010434091,-0.0017542169662192,0.0081278905272484,-0.06634820997715,-0.024214083328843,0.050820752978325,0.041022066026926,0.051913734525442,-0.015394450165331,-0.021439887583256,-0.10625237971544,-0.020908616483212,0.16204756498337,0.073289304971695,-0.084771417081356,-0.027474012225866,0.0076486100442708,-0.020153036341071,-0.0040424433536828,0.050070814788342,-0.045998342335224,0.080681122839451,0.028307782486081,-0.06322218477726,0.16721399128437,0.046230550855398,0.11614549160004,0.0079311411827803,-0.088062815368176,-0.10385689139366,-0.035920582711697,0.021133927628398,0.20347209274769,0.077882826328278,0.016475860029459
-0.0052591152489185,0.084482945501804,-0.0093747619539499,-0.04899675026536,0.076834470033646,0.18752698600292,0.049440957605839,0.046675473451614,0.09723012149334,-0.023402985185385,0.052236240357161,-0.025881877169013,-0.022998556494713,-0.070525720715523,0.12486987560987,-0.078127630054951,-0.0048449863679707,-0.042701996862888,0.035344265401363,-0.11224596947432,0.10635387897491,0.012732611969113,-0.029905885457993,0.053302757441998,0.11986585706472,-0.046438574790955,0.038115173578262,-0.11203756928444,0.11490958184004,-0.0017960504628718,0.23851451277733,-0.11190533638,0.016865452751517,0.01664567925036,0.10740192979574,0.069283828139305,0.03126398473978,-0.0066285831853747,0.0010418219026178,-0.065692313015461,0.13440217077732,-0.014481048099697,-0.036246065050364,0.16095043718815,-0.098034277558327,-0.023654870688915,0.014174439944327,0.01246328279376,-0.055718593299389,-0.14577507972717,-0.11036679893732,0.045056004077196,0.021709851920605,-0.10667513310909,0.030535958707333,0.13625137507915,-0.14592762291431,0.15789739787579,-0.12179756909609,-0.077708996832371,-0.18396836519241,-0.12272793799639,0.16885408759117,-0.15678295493126,0.1543153077364,0.0052497810684144,0.034794352948666,-0.0093431314453483,-0.051799286156893,0.15086458623409,0.017688274383545,0.059511482715607,-0.13465216755867,-0.15954712033272,0.02803198620677,-0.009453964419663,-0.067344561219215,0.12121991813183,-0.018677463755012,0.045054472982883,-0.15274974703789,0.052556410431862,0.076454132795334,0.029437569901347,0.017356026917696,-0.1006091684103,0.11032801121473,0.028257884085178,-0.021457992494106,0.040662568062544,0.10693674534559,-0.10153568536043,-0.093104779720306,-0.043020166456699,0.068387597799301,-0.10579459369183,0.013054124079645,-0.0046272445470095,-0.041063047945499,0.019951650872827,-0.043303057551384,0.016940915957093,-0.024949003010988,-0.061388090252876,-0.11893633753061,0.071436651051044,0.026340590789914,-0.057323936372995,0.068974070250988,-0.066839031875134,0.023593259975314,-0.0097688445821404,-0.12851482629776,-0.018059249967337,0.20254537463188,0.017687268555164,-0.075284600257874,-0.14407588541508,0.097440518438816,0.14896954596043,0.13971441984177,-0.043402560055256,-0.06302110850811,0.099959947168827,0.062231671065092,0.033611405640841,0.11912935227156,0.054694920778275
0.037419866770506,0.013432919047773,0.05308111011982,0.18005229532719,-0.0093848714604974,0.11958313733339,-0.01933011226356,-0.10484068095684,0.17380754649639,-0.069857478141785,0.07574900239706,-0.029636027291417,-0.10484971106052,-0.015293138101697,-0.021014677360654,-0.041885796934366,0.074348516762257,0.18883666396141,-0.032606154680252,-0.065644130110741,0.10843347758055,-0.087443143129349,-0.017640233039856,0.16236819326878,0.15709827840328,-0.19568879902363,-0.071264073252678,-0.019535854458809,-0.071315377950668,0.013668027706444,0.19458898901939,-0.0065480214543641,-0.018528724089265,0.032873410731554,0.1058848798275,0.053128145635128,-0.071718484163284,-0.064418628811836,-0.029775682836771,-0.14249907433987,-0.019836787134409,0.03683876991272,-0.035539887845516,-0.038969788700342,0.082435868680477,-0.20358811318874,-0.076827637851238,0.010191241279244,0.002144836820662,-0.0090789059177041,0.013702801428735,-0.0080880001187325,0.12488547712564,-0.10064545273781,-0.03121754899621,0.086541712284088,-0.086525574326515,0.057290270924568,-0.016663225367665,-0.093709856271744,-0.046182718127966,0.058791093528271,0.062896840274334,-0.18359537422657,0.047672770917416,0.11556726694107,0.019557001069188,-0.083590522408485,-0.22021982073784,0.18466150760651,0.018043581396341,0.016728471964598,-0.039589360356331,-0.076007395982742,-0.15822879970074,-0.089167535305023,0.086027860641479,-0.080868914723396,-0.057159971445799,-0.036087401211262,-0.12574222683907,0.082876823842525,-0.062264684587717,-0.14806923270226,0.016061270609498,-0.039544351398945,-0.10611472278833,-0.071560986340046,-0.0018290131120011,0.064534418284893,0.063624382019043,-0.069187045097351,0.048670373857021,-0.012431429699063,0.14106595516205,0.054888840764761,-0.070686519145966,-0.039040926843882,-0.061979115009308,0.073781587183475,0.088033124804497,-0.022483136504889,-0.073416076600552,-0.091926544904709,0.075335644185543,0.088125117123127,0.13313549757004,-0.21953728795052,0.00056585564743727,0.025878209620714,-0.067797102034092,0.015838785097003,0.078856959939003,-0.0064867655746639,0.13909021019936,-0.054815158247948,0.0077515696175396,0.02828979678452,0.1159934848547,0.04380152747035,0.026997087523341,-0.033054925501347,-0.035966601222754,-0.0057079172693193,0.091090753674507,0.063492521643639,0.14325402677059,-0.04382710531354
0.035663191229105,0.042620699852705,0.11466436088085,0.1595956236124,-0.033349767327309,0.1627247184515,-0.0053274100646377,-0.10161809623241,0.10450660437346,-0.017448905855417,0.11630988121033,-0.068439975380898,-0.073937796056271,-0.015400044620037,0.047800838947296,-0.041326206177473,-0.00028180514345877,0.22584250569344,-0.079445540904999,-0.11807478964329,0.10174573212862,-0.066757872700691,0.014186206273735,0.11508413404226,0.15627078711987,-0.20490269362926,-0.091282077133656,-0.021589435636997,-0.087396286427975,-0.010363914072514,0.16652511060238,-0.028158707544208,-0.065106712281704,0.066436462104321,0.12117633968592,0.056525185704231,-0.11036526411772,-0.075121261179447,-0.01257362216711,-0.090152561664581,-0.022790288552642,0.001205655396916,-0.059831622987986,-0.011715024709702,0.028542585670948,-0.20128001272678,-0.081603817641735,0.026654643937945,-0.045860577374697,0.0017985857557505,0.073446370661259,-0.015708867460489,0.032962340861559,-0.081844061613083,-0.07297571003437,0.077317669987679,-0.069253705441952,0.049163714051247,0.012033920735121,-0.059229474514723,-0.046555295586586,0.054327197372913,0.039418399333954,-0.1507855951786,0.07740493118763,0.11092258989811,0.010450508445501,-0.041573364287615,-0.20814955234528,0.2483194321394,0.049490325152874,0.06404959410429,0.007473474368453,-0.077414497733116,-0.16061352193356,-0.1228060349822,0.03170682862401,-0.10352913290262,-0.057936102151871,-0.033499728888273,-0.087043054401875,0.028797952458262,-0.044727478176355,-0.15181909501553,-0.07855798304081,-0.019973143935204,-0.064430214464664,-0.11151300370693,-0.022492676973343,0.085449509322643,0.054073177278042,-0.094292342662811,0.047697402536869,-0.050062898546457,0.057132638990879,0.039447918534279,-0.1085445061326,-0.036869216710329,-0.050983715802431,0.095007941126823,0.085503250360489,0.020366167649627,-0.05708185583353,-0.091372348368168,0.15054085850716,0.067172728478909,0.099897034466267,-0.16343842446804,0.018715864047408,0.0077484035864472,-0.072033375501633,0.035840205848217,0.069941900670528,0.0055987606756389,0.14079965651035,-0.041137337684631,0.01710388623178,0.072190098464489,0.10905196517706,0.037189412862062,0.050815459340811,-0.080444976687431,-0.044510737061501,0.027996642515063,0.14146952331066,0.037758108228445,0.15343698859215,-0.0054450174793601
0.028749169781804,0.12493359297514,-7.4675212090369e-05,0.12852804362774,-0.081991836428642,0.19314588606358,-0.035478930920362,-0.084864638745785,0.11406569182873,0.061050292104483,0.17436607182026,-0.070983566343784,-0.052077110856771,-0.070181593298912,-0.028862923383713,-0.047846417874098,-0.027157641947269,0.20705054700375,-0.034960631281137,-0.10353004932404,0.099592223763466,-0.089794836938381,0.0057642003521323,0.11760624498129,0.13728329539299,-0.18174801766872,-0.02221791818738,-0.014843259006739,0.002866345224902,0.031615883111954,0.13619731366634,-0.053886130452156,-0.04667779058218,0.037724357098341,0.068069770932198,0.028557343408465,-0.11410565674305,-0.079687789082527,0.033539317548275,-0.039458692073822,-0.059723921120167,-0.075202912092209,-0.1019591242075,0.025127630680799,0.014111563563347,-0.26706048846245,-0.064943790435791,0.067126475274563,-0.022525429725647,0.016934156417847,0.10485666245222,0.1307460963726,0.0011885802960023,-0.072206497192383,-0.094546794891357,0.078077428042889,-0.018591452389956,-9.5144016086124e-05,0.00053233542712405,-0.093505688011646,-0.080794230103493,-0.006454486399889,0.13592693209648,-0.14242623746395,0.0049710343591869,0.065558530390263,0.0389693826437,-0.06831669062376,-0.17828334867954,0.23227043449879,-0.0095885004848242,0.056657914072275,-0.035588227212429,-0.026614418253303,-0.10719861090183,-0.16258952021599,0.049579992890358,-0.055645551532507,-0.068279765546322,0.025546619668603,-0.091050565242767,0.0095222359523177,0.01023137755692,-0.095770612359047,-0.035286363214254,0.010622062720358,-0.073564887046814,-0.10037058591843,0.080986581742764,0.048851251602173,0.0033063562586904,-0.10419796407223,0.033875692635775,-0.0063461884856224,0.063647396862507,-0.076680280268192,-0.1139408275485,-0.013375830836594,-0.045335192233324,0.049920972436666,0.12715545296669,0.056303907185793,-0.045037247240543,-0.047107182443142,0.15619802474976,0.088338576257229,0.12369277328253,-0.12661196291447,0.040258634835482,0.01440909691155,-0.056529637426138,0.053623639047146,0.071810528635979,0.034723736345768,0.11257970333099,-0.037118371576071,0.054143454879522,0.07466084510088,0.17133162915707,0.051103379577398,0.051098898053169,-0.14485201239586,-0.027725275605917,-0.014754219911993,0.093707084655762,0.059698130935431,0.15404564142227,0.063250243663788
-0.018153825774789,0.16198761761189,0.064567662775517,0.14906024932861,-0.05958142504096,0.15702684223652,-0.0037704741116613,-0.11384522169828,0.14396116137505,-0.032850049436092,0.097223363816738,-0.084294609725475,-0.072226800024509,-0.029177697375417,-0.021121848374605,-0.0953473970294,-0.020134199410677,0.20619238913059,-0.064696758985519,-0.10991202294827,0.12510553002357,-0.10510080307722,-0.044207062572241,0.14016832411289,0.16307154297829,-0.2381849437952,-0.11829494684935,-0.011726908385754,-0.019181603565812,0.061272256076336,0.17271035909653,-0.058307789266109,-0.044069893658161,0.033251170068979,0.11595974117517,0.04887081682682,-0.090444549918175,-0.082991242408752,-0.055295620113611,-0.093476854264736,-0.021335450932384,-0.018933296203613,-0.014792575500906,0.046947568655014,0.046674087643623,-0.18469350039959,-0.011319641955197,0.026631807908416,-0.065831057727337,-0.015102849341929,0.037302505224943,0.043177150189877,0.048315886408091,-0.092573992908001,-0.034487895667553,0.12027427554131,-0.098900213837624,0.048054922372103,0.029286241158843,-0.13946856558323,-0.056282520294189,0.065254896879196,0.082610994577408,-0.15134294331074,0.042593635618687,0.087036140263081,0.053569205105305,-0.12783673405647,-0.21008306741714,0.22626212239265,0.036666519939899,0.025529988110065,-0.0021007584873587,-0.063912451267242,-0.11649675667286,-0.10736153274775,0.016910880804062,-0.059213057160378,-0.053441777825356,-0.03877991810441,-0.12391749024391,0.081182181835175,-0.051340997219086,-0.099030189216137,-0.02670956403017,0.0074949148111045,-0.10011591762304,-0.12555557489395,0.026280043646693,0.093010514974594,0.039175298064947,-0.12910243868828,0.049660287797451,-0.10380952805281,0.078393585979939,-0.028491383418441,-0.10024820268154,0.0024440339766443,-0.047637257725,0.076746098697186,0.078032545745373,0.064799949526787,-0.014153501950204,-0.077456720173359,0.042693946510553,0.10703586786985,0.097601152956486,-0.11343398690224,-0.00040857560816221,0.028004363179207,-0.024479711428285,-0.0068931123241782,0.00058738043298945,-0.01027649641037,0.08421328663826,-0.038590408861637,0.033405981957912,0.0096969297155738,0.15010826289654,0.038678545504808,0.044938579201698,-0.065118692815304,-0.070205226540565,0.016547007486224,0.078425012528896,0.054296236485243,0.1458802074194,0.0052643581293523
0.054907441139221,0.056875642389059,0.054203078150749,0.19305527210236,0.0062744626775384,0.13698047399521,0.01579817943275,-0.18880949914455,0.0943518653512,-0.052425928413868,0.086012877523899,-0.021647613495588,-0.061118967831135,0.075555130839348,-0.00098626292310655,-0.046284750103951,0.051546227186918,0.17688523232937,-0.045820087194443,-0.12335148453712,0.120765440166,-0.1140423566103,-0.013240027241409,0.1159361153841,0.22166998684406,-0.21055676043034,-0.11299516260624,0.011031280271709,-0.10034900903702,0.089256681501865,0.1573069691658,0.032124269753695,-0.091342948377132,0.034959986805916,0.071647420525551,0.04153260961175,-0.14097884297371,-0.078455068171024,0.028637303039432,-0.093138791620731,-0.025295313447714,0.036258865147829,-0.007362799718976,-0.048552855849266,0.060649707913399,-0.16031740605831,-0.07640402764082,-0.0054488987661898,-0.0068291216157377,-0.064876705408096,0.1044465303421,0.022058371454477,0.077336214482784,-0.090761408209801,-0.038172978907824,0.078032501041889,-0.089288905262947,0.1339944601059,0.018693905323744,-0.048486787825823,-0.0084810582920909,0.074382871389389,0.039168551564217,-0.16495314240456,0.065693616867065,0.1325770765543,0.0094462307170033,-0.0055112964473665,-0.21951495110989,0.2189224511385,0.083157315850258,0.1056322529912,-0.0084084467962384,-0.099590979516506,-0.14928956329823,-0.037627514451742,0.06489621847868,-0.15616217255592,-0.085833415389061,0.010011112317443,-0.10764879733324,0.041596654802561,-0.012838996946812,-0.13040386140347,-0.087543427944183,-0.040664970874786,-0.058738298714161,-0.13356621563435,-0.051266722381115,0.026528192684054,-0.011220194399357,-0.11663290113211,0.095718659460545,-0.024372287094593,0.052909150719643,0.012438838370144,-0.077514968812466,-0.056582164019346,-0.0064124409109354,0.08169136941433,0.076092898845673,0.043720081448555,-0.039190251380205,-0.0083091408014297,0.059382997453213,0.078601449728012,0.054524470120668,-0.10388342291117,-0.018528282642365,-0.008493572473526,-0.042771093547344,-0.0090835262089968,0.02295852266252,0.030187966302037,0.11902923882008,-0.01652417704463,-0.033299326896667,0.11406473815441,0.092323429882526,0.069163113832474,0.017408613115549,-0.047267362475395,-0.08298847079277,-0.01800893060863,0.11897429823875,0.088343776762486,0.099875263869762,-0.017222860828042
0.053420837968588,0.023175781592727,-0.0026986582670361,0.17226527631283,-0.074331432580948,0.15625390410423,-0.03006180562079,-0.11617529392242,0.12231835722923,-0.041464257985353,0.13615621626377,-0.0050616813823581,-0.014914923347533,0.064699679613113,-0.060047075152397,-0.087330631911755,0.054713442921638,0.1853075325489,-0.020708018913865,-0.066147655248642,0.1273009032011,-0.1318569034338,0.008169075474143,0.17791520059109,0.14522743225098,-0.2022153288126,-0.04694164916873,-0.019716519862413,-0.12632097303867,0.084191098809242,0.13003365695477,-0.022399170324206,-0.026406282559037,0.069806151092052,0.022063525393605,0.059267319738865,-0.096554920077324,-0.049552347511053,-0.01040689367801,-0.057335998862982,-0.060958195477724,-0.01237322203815,-0.054052427411079,-0.038312934339046,0.028836417943239,-0.27606725692749,-0.060641419142485,-2.4336448404938e-05,0.030657829716802,0.03660935536027,0.11797790974379,0.031168699264526,0.056601252406836,-0.017281338572502,-0.0079700704663992,0.098403036594391,-0.034314554184675,0.061883352696896,0.036870818585157,-0.097347624599934,-0.034540355205536,0.036590449512005,0.072064347565174,-0.20474073290825,0.0094178598374128,0.065400652587414,0.060338780283928,-0.044774249196053,-0.19386868178844,0.22334316372871,0.021508792415261,0.042267464101315,-0.04727353900671,-0.061362128704786,-0.1213069781661,-0.072442829608917,0.09196300059557,-0.10052881389856,-0.075052991509438,0.023209448903799,-0.16351932287216,0.019615259021521,0.01343276258558,-0.12400535494089,-0.05938583984971,0.013759025372565,-0.049194686114788,-0.13014559447765,0.034838423132896,0.015426534228027,-0.027177631855011,-0.16236020624638,0.12997163832188,-0.031004145741463,0.059913594275713,-0.039212457835674,-0.1124772131443,-0.024848161265254,-0.025053970515728,0.068722434341908,0.10458071529865,0.072013445198536,-0.047020252794027,0.014027402736247,0.12270903587341,0.077778331935406,0.058491766452789,-0.15170882642269,-0.0735954195261,-0.0099489875137806,-0.099244095385075,-0.0010971807641909,0.060734588652849,0.021163957193494,0.076474986970425,-0.0054879793897271,0.077956490218639,0.036751635372639,0.12114525586367,0.081776164472103,0.025509916245937,-0.091554023325443,-0.062788031995296,-0.019556425511837,0.080781579017639,0.068979449570179,0.12069330364466,0.061661630868912
-0.035669900476933,0.039098866283894,0.029005886986852,0.14780339598656,-0.039943728595972,0.1105028912425,-2.0165716705378e-06,-0.075028322637081,0.14520694315434,-0.055467791855335,0.073955625295639,-0.065544120967388,-0.043352320790291,0.025888783857226,-0.05865054577589,-0.02763120085001,-0.011907215230167,0.17900197207928,-0.040255110710859,-0.038772642612457,0.17546039819717,-0.1419649720192,-0.070544362068176,0.15170183777809,0.1027939543128,-0.15359039604664,-0.16608448326588,-0.051999859511852,0.009889567270875,0.053600408136845,0.16335619986057,-0.0044949678704143,-0.041832111775875,-0.020903076976538,0.10771097242832,0.12695290148258,-0.12407164275646,-0.066495262086391,-0.10825133323669,-0.1515536159277,-0.037145916372538,0.049121275544167,-0.023639999330044,0.064182311296463,0.089044086635113,-0.1811421662569,0.011083032004535,0.01764078810811,-0.029366506263614,-0.057791758328676,-0.062835782766342,-0.02919159643352,0.072568140923977,-0.099381312727928,0.051497790962458,0.12886238098145,-0.11712401360273,0.08649156242609,0.042873356491327,-0.14805929362774,-0.048564277589321,0.082293041050434,0.11738581955433,-0.10935866832733,0.054248366504908,0.11257491260767,0.03680632635951,-0.13143885135651,-0.14353808760643,0.16438192129135,0.033415071666241,0.023104671388865,0.016148755326867,-0.080562733113766,-0.13900473713875,-0.092588566243649,0.028422323986888,-0.021554259583354,-0.041294518858194,-0.094918504357338,-0.074871271848679,0.10749682039022,-0.11215967684984,-0.14200402796268,-0.025671629235148,0.01193795632571,-0.08129857480526,-0.058947619050741,0.03896501660347,0.067963242530823,0.099692553281784,-0.055865433067083,0.0034019618760794,-0.10288296639919,0.12307143211365,0.044363878667355,-0.080930702388287,0.024755340069532,-0.052535001188517,0.10235191136599,0.089633546769619,0.01179035846144,-0.017322285100818,-0.17001266777515,-0.013959941454232,0.15855528414249,0.090427480638027,-0.18499366939068,0.030394930392504,0.031831618398428,-0.060790535062551,-0.0049974396824837,-0.009792760014534,-0.080267421901226,0.13139879703522,0.0069898567162454,0.077900610864162,-0.04374248161912,0.10505967587233,0.011013698764145,0.0051913941279054,-0.073929533362389,-0.00050531409215182,0.0037021974567324,-0.027940677478909,0.11522375792265,0.13036958873272,0.013235147111118
0.018022222444415,0.10552766174078,0.022483879700303,0.14325599372387,-0.050929725170135,0.16658172011375,0.013481065630913,-0.10103462636471,0.06503139436245,-0.049536038190126,0.10490319132805,-0.055360581725836,-0.012929460033774,0.0017487759469077,-0.081613674759865,-0.032230708748102,-0.02302779071033,0.20737339556217,-0.060299303382635,-0.045074928551912,0.20653435587883,-0.13924089074135,-0.071197040379047,0.19665521383286,0.12278255075216,-0.18553847074509,-0.16201777756214,-0.046762265264988,0.017966493964195,0.11913637816906,0.11043308675289,0.0012289673322812,-0.087862141430378,0.040440209209919,0.073876947164536,0.075881458818913,-0.12192165851593,-0.10328869521618,-0.034643236547709,-0.10919477790594,-0.056300688534975,-0.0098943300545216,0.029978239908814,0.053166519850492,0.084209062159061,-0.20865288376808,0.06144792959094,0.015137118287385,-0.089595451951027,-0.0044767479412258,0.030636459589005,0.00024208662216552,0.03085950948298,-0.050097450613976,0.040194924920797,0.12164468318224,-0.076239101588726,0.10309620946646,0.057587649673223,-0.15576510131359,-0.027844762429595,0.10678848624229,0.13506089150906,-0.14082007110119,0.0042916345410049,0.099453166127205,0.03540413454175,-0.15062260627747,-0.18645738065243,0.176652520895,-0.00084403489017859,0.038542896509171,-0.015752751380205,-0.035347044467926,-0.1139548048377,-0.10937545448542,0.063413947820663,-0.028975894674659,-0.038434270769358,-0.041802134364843,-0.064400061964989,0.089880794286728,-0.064390905201435,-0.13006207346916,-0.054550271481276,0.062911599874496,-0.089886195957661,-0.12440862506628,0.044576987624168,0.089320003986359,0.083427853882313,-0.12186294049025,0.0058549619279802,-0.083001397550106,0.075083993375301,0.018123216927052,-0.10876706242561,0.065421886742115,-0.035036381334066,0.081470809876919,0.097101181745529,0.062539607286453,-0.011240035295486,-0.039432696998119,0.0089771701022983,0.15556773543358,0.057557679712772,-0.088275596499443,-0.013408727943897,-0.0019482846837491,-0.050335209816694,0.0058258753269911,-0.02254737727344,-0.042079761624336,0.097931668162346,0.01966861449182,0.095428861677647,-0.0096962386742234,0.11134704947472,0.04691294580698,0.018501210957766,-0.09295891970396,-0.0067466064356267,-0.011030023917556,-0.042288713157177,0.10489249229431,0.1221129372716,0.014237890020013
-0.026248529553413,0.097635291516781,0.061184983700514,0.15027326345444,-0.030445391312242,0.13424232602119,-0.051146566867828,-0.14162166416645,0.15578980743885,-0.06788120418787,0.10202633589506,-0.040611427277327,-0.094103835523129,-0.0083727734163404,-0.020224118605256,-0.015364803373814,-0.0091680269688368,0.20941066741943,-0.065286181867123,-0.10190515220165,0.12457630038261,-0.071736432611942,0.01551872305572,0.092115364968777,0.16117170453072,-0.19070807099342,-0.081614390015602,-0.011644694954157,-0.034697148948908,0.035483244806528,0.19152419269085,-0.0093398513272405,0.011165938340127,0.019059836864471,0.11182212084532,0.072505690157413,-0.11116471141577,-0.063332237303257,-0.0143509702757,-0.076843857765198,-0.027644641697407,0.018955655395985,-0.023153116926551,0.006422714330256,0.045554481446743,-0.1846668869257,-0.028155801817775,-0.016516948118806,-0.052265144884586,-0.028219684958458,0.0081091560423374,0.019578440114856,0.07776402682066,-0.088687799870968,-0.077228255569935,0.10630512237549,-0.06382504850626,0.054859649389982,-0.027302591130137,-0.072478637099266,-0.086582571268082,0.052162107080221,0.094873704016209,-0.14174094796181,0.078936859965324,0.10376019030809,0.0034869017545134,-0.07560795545578,-0.22308591008186,0.23325003683567,0.056676685810089,0.017795238643885,-0.019160883501172,-0.086329475045204,-0.10966147482395,-0.08761827647686,0.013236194849014,-0.12363523989916,-0.11050965636969,-0.046791579574347,-0.10655825585127,0.082991734147072,-0.046531770378351,-0.10064332187176,-0.076088309288025,0.021470572799444,-0.097084574401379,-0.11631536483765,-0.040459755808115,0.069301575422287,0.039785701781511,-0.11172220110893,0.014476503245533,-0.036164626479149,0.13102416694164,0.037898253649473,-0.13225013017654,0.017764849588275,-0.059247009456158,0.097171112895012,0.054894104599953,-0.015513100661337,-0.057754937559366,-0.07400119304657,0.099411882460117,0.11503697186708,0.11921866238117,-0.14462448656559,0.021060304716229,-0.015648115426302,-0.077276512980461,0.0016618384979665,0.040752168744802,0.010825815610588,0.12450578063726,-0.039047531783581,0.0060873990878463,0.050084665417671,0.17514564096928,0.073619931936264,0.06309399753809,-0.074385657906532,-0.051511995494366,-0.016874361783266,0.10664324462414,0.077027656137943,0.15638917684555,0.013530475087464
